id,Gender,Customer Type,Age,Type of Travel,Class,Flight Distance,Inflight wifi service,Departure/Arrival time convenient,Ease of Online booking,Gate location,Food and drink,Online boarding,Seat comfort,Inflight entertainment,On-board service,Leg room service,Baggage handling,Checkin service,Inflight service,Cleanliness,Departure Delay in Minutes,Arrival Delay in Minutes,satisfaction
80531,Male,Loyal Customer,43,Business travel,Business,1678,1,1,2,1,3,4,4,2,2,2,2,4,2,5,0,0,satisfied
128145,Male,Loyal Customer,60,Business travel,Business,1972,5,5,2,5,4,3,5,5,5,5,5,5,5,3,0,0,satisfied
63370,Female,Loyal Customer,42,Personal Travel,Eco,337,4,1,4,3,3,3,3,3,3,4,1,2,3,2,0,0,satisfied
12452,Female,Loyal Customer,8,Personal Travel,Eco,253,3,3,3,1,4,3,4,4,5,5,2,4,3,4,0,0,neutral or dissatisfied
16145,Female,Loyal Customer,42,Business travel,Eco,212,5,3,3,3,5,3,5,5,5,5,5,5,5,2,82,72,satisfied
44418,Male,disloyal Customer,18,Business travel,Eco Plus,342,1,1,1,3,3,1,3,3,2,1,4,1,3,3,32,41,neutral or dissatisfied
95746,Male,Loyal Customer,47,Business travel,Business,3556,2,2,2,2,3,5,3,5,5,5,5,3,5,4,0,0,satisfied
41134,Female,disloyal Customer,27,Business travel,Eco,191,4,4,4,4,5,4,5,5,2,1,3,2,3,5,16,12,neutral or dissatisfied
3214,Female,Loyal Customer,67,Personal Travel,Eco Plus,693,3,1,3,1,5,1,2,1,1,3,1,1,1,4,100,91,neutral or dissatisfied
74101,Male,disloyal Customer,38,Business travel,Business,641,5,5,5,3,2,5,2,2,5,5,4,3,5,2,0,0,satisfied
106220,Female,disloyal Customer,20,Business travel,Eco,471,4,5,4,4,3,4,3,3,4,3,4,5,4,3,0,0,neutral or dissatisfied
88134,Female,Loyal Customer,60,Business travel,Business,3823,2,2,1,2,4,4,4,5,5,4,5,3,5,3,1,0,satisfied
64475,Male,disloyal Customer,23,Business travel,Business,282,4,5,4,1,4,4,4,4,3,3,5,3,4,4,9,1,satisfied
123812,Male,disloyal Customer,25,Business travel,Business,544,3,5,3,1,2,3,2,2,4,2,5,4,4,2,0,0,neutral or dissatisfied
88893,Female,Loyal Customer,38,Business travel,Business,2955,3,3,3,3,3,5,5,4,4,4,4,3,4,3,0,0,satisfied
31244,Female,Loyal Customer,40,Business travel,Business,2806,1,1,1,1,3,1,5,5,5,5,5,5,5,5,0,4,satisfied
97762,Male,Loyal Customer,19,Personal Travel,Eco,587,3,4,3,5,1,3,1,1,5,3,5,4,4,1,0,0,neutral or dissatisfied
59851,Female,Loyal Customer,61,Business travel,Business,2073,3,3,3,3,4,5,4,4,4,4,4,4,4,5,6,0,satisfied
25137,Male,Loyal Customer,44,Personal Travel,Eco,1249,3,4,3,3,5,3,5,5,5,2,3,4,4,5,25,6,neutral or dissatisfied
18412,Female,Loyal Customer,22,Personal Travel,Eco,284,3,5,3,1,3,3,3,3,4,5,5,3,5,3,34,35,neutral or dissatisfied