id,Gender,Customer Type,Age,Type of Travel,Class,Flight Distance,Inflight wifi service,Departure/Arrival time convenient,Ease of Online booking,Gate location,Food and drink,Online boarding,Seat comfort,Inflight entertainment,On-board service,Leg room service,Baggage handling,Checkin service,Inflight service,Cleanliness,Departure Delay in Minutes,Arrival Delay in Minutes,satisfaction
19556,Female,Loyal Customer,52,Business travel,Eco,160,5,4,3,4,3,4,3,5,5,5,5,2,5,5,50,44,satisfied
90035,Female,Loyal Customer,36,Business travel,Business,2863,1,1,3,1,5,4,5,4,4,4,4,3,4,5,0,0,satisfied
12360,Male,disloyal Customer,20,Business travel,Eco,192,2,0,2,4,2,2,2,2,4,1,3,2,2,2,0,0,neutral or dissatisfied
77959,Male,Loyal Customer,44,Business travel,Business,3377,0,0,0,2,3,4,4,1,1,1,1,3,1,4,0,6,satisfied
36875,Female,Loyal Customer,49,Business travel,Eco,1182,2,3,4,3,4,1,2,2,2,2,2,4,2,4,0,20,satisfied
39177,Male,Loyal Customer,16,Business travel,Eco,311,3,3,3,3,5,5,3,5,4,3,1,1,2,5,0,0,satisfied
79433,Female,Loyal Customer,77,Business travel,Business,3987,5,5,5,5,3,5,5,5,5,5,5,4,5,3,0,0,satisfied
97286,Female,Loyal Customer,43,Business travel,Business,2556,2,2,2,2,4,4,5,4,4,4,4,5,4,3,77,65,satisfied
27508,Male,Loyal Customer,47,Business travel,Eco,556,5,2,2,2,5,5,5,5,2,2,5,3,3,5,1,0,satisfied
62482,Female,Loyal Customer,46,Business travel,Business,1744,2,2,2,2,3,4,4,4,4,4,4,5,4,4,28,14,satisfied
47583,Female,Loyal Customer,47,Business travel,Eco,1235,4,1,1,1,5,1,5,3,3,4,3,1,3,4,29,19,satisfied
115550,Female,Loyal Customer,33,Business travel,Business,325,2,5,5,5,1,3,4,2,2,2,2,3,2,4,18,7,neutral or dissatisfied
119987,Female,Loyal Customer,46,Business travel,Business,1009,5,5,5,5,4,5,5,5,5,5,5,5,5,3,0,0,satisfied
42141,Female,Loyal Customer,60,Business travel,Business,451,1,1,4,1,5,5,4,5,5,5,5,3,5,5,117,113,satisfied
2274,Female,Loyal Customer,52,Business travel,Business,925,2,2,2,2,5,5,4,4,4,4,4,3,4,5,10,0,satisfied
22470,Male,Loyal Customer,50,Personal Travel,Eco,83,3,4,0,3,2,0,2,2,4,2,4,4,5,2,5,2,neutral or dissatisfied
124915,Female,Loyal Customer,31,Business travel,Eco,728,2,5,5,5,2,2,2,2,4,3,3,4,3,2,2,0,neutral or dissatisfied
17836,Male,Loyal Customer,52,Personal Travel,Eco Plus,1075,5,4,5,3,4,5,4,4,3,5,5,4,5,4,0,0,satisfied
76872,Female,Loyal Customer,43,Personal Travel,Eco,1927,3,4,3,1,4,4,5,5,5,3,5,4,5,3,0,0,neutral or dissatisfied