id,Gender,Customer Type,Age,Type of Travel,Class,Flight Distance,Inflight wifi service,Departure/Arrival time convenient,Ease of Online booking,Gate location,Food and drink,Online boarding,Seat comfort,Inflight entertainment,On-board service,Leg room service,Baggage handling,Checkin service,Inflight service,Cleanliness,Departure Delay in Minutes,Arrival Delay in Minutes,satisfaction
101991,Female,Loyal Customer,40,Personal Travel,Eco,628,1,4,1,3,5,1,5,5,3,2,5,5,4,5,4,0,neutral or dissatisfied
87447,Female,disloyal Customer,42,Business travel,Business,373,3,3,3,5,4,3,4,4,3,2,5,5,5,4,0,0,neutral or dissatisfied
16112,Male,disloyal Customer,24,Business travel,Eco,725,4,4,4,2,2,4,2,2,4,2,3,1,5,2,0,4,satisfied
16172,Male,Loyal Customer,22,Business travel,Business,277,3,3,3,3,3,3,3,1,5,4,3,3,2,3,116,177,neutral or dissatisfied
106558,Female,Loyal Customer,28,Business travel,Business,1024,1,1,1,1,4,4,4,4,5,3,5,5,4,4,0,3,satisfied
11536,Female,Loyal Customer,36,Business travel,Eco Plus,267,2,3,3,3,2,2,2,2,1,1,3,4,4,2,59,55,neutral or dissatisfied
47773,Female,Loyal Customer,62,Business travel,Eco,550,5,1,1,1,4,2,1,5,5,5,5,5,5,2,92,90,satisfied
70521,Female,Loyal Customer,60,Business travel,Business,1889,2,2,3,2,3,5,4,5,5,5,5,5,5,3,0,0,satisfied
96283,Female,Loyal Customer,59,Personal Travel,Eco,460,2,5,2,5,3,3,4,5,5,2,4,1,5,2,4,2,neutral or dissatisfied
117993,Female,Loyal Customer,49,Business travel,Business,3295,4,4,3,4,2,5,4,5,5,5,5,5,5,3,0,4,satisfied
74703,Female,Loyal Customer,44,Personal Travel,Eco,1205,2,4,2,3,4,4,3,4,4,2,4,2,4,2,0,0,neutral or dissatisfied
110840,Female,Loyal Customer,58,Personal Travel,Eco Plus,990,3,5,2,3,3,4,5,1,1,2,1,5,1,3,0,0,neutral or dissatisfied
88249,Male,disloyal Customer,24,Business travel,Business,444,4,0,4,2,2,4,2,2,5,3,5,3,5,2,20,32,satisfied
125877,Female,Loyal Customer,53,Business travel,Eco,520,4,2,2,2,3,3,4,4,4,4,4,3,4,3,17,0,satisfied
83968,Male,Loyal Customer,56,Business travel,Eco,321,2,3,4,3,2,2,2,2,2,5,3,3,3,2,0,0,neutral or dissatisfied
122719,Female,Loyal Customer,30,Business travel,Business,651,3,3,4,3,5,5,5,5,4,5,4,3,5,5,0,0,satisfied
3949,Male,disloyal Customer,27,Business travel,Business,764,3,3,3,2,2,3,2,2,2,1,3,3,2,2,30,46,neutral or dissatisfied
45542,Male,Loyal Customer,27,Business travel,Business,566,3,3,3,3,5,5,5,5,4,3,1,1,1,5,0,0,satisfied
43742,Female,Loyal Customer,67,Personal Travel,Eco,626,3,4,3,1,2,4,5,3,3,3,3,3,3,5,0,0,neutral or dissatisfied
122093,Female,Loyal Customer,32,Personal Travel,Eco,130,3,0,3,3,4,3,5,4,2,2,4,5,3,4,3,4,neutral or dissatisfied