id,Gender,Customer Type,Age,Type of Travel,Class,Flight Distance,Inflight wifi service,Departure/Arrival time convenient,Ease of Online booking,Gate location,Food and drink,Online boarding,Seat comfort,Inflight entertainment,On-board service,Leg room service,Baggage handling,Checkin service,Inflight service,Cleanliness,Departure Delay in Minutes,Arrival Delay in Minutes,satisfaction
21276,Male,disloyal Customer,36,Business travel,Eco,692,1,1,1,4,1,1,1,1,1,5,3,1,2,1,0,0,neutral or dissatisfied
58576,Female,Loyal Customer,61,Business travel,Business,1585,2,2,3,2,1,1,5,3,3,4,3,4,3,4,24,20,satisfied
53888,Female,Loyal Customer,50,Personal Travel,Eco,140,2,4,2,4,4,4,5,2,2,2,2,3,2,5,0,0,neutral or dissatisfied
10980,Male,Loyal Customer,27,Business travel,Business,2729,3,3,3,3,5,5,5,5,4,4,4,5,2,5,44,52,satisfied
54151,Male,Loyal Customer,55,Business travel,Business,1400,3,5,5,5,4,3,2,3,3,3,3,1,3,4,1,0,neutral or dissatisfied
115641,Male,disloyal Customer,21,Business travel,Eco,447,2,2,1,4,1,1,1,1,4,4,3,4,3,1,7,0,neutral or dissatisfied
58584,Female,Loyal Customer,31,Personal Travel,Business,334,2,1,2,4,5,2,5,5,2,4,3,2,4,5,5,0,neutral or dissatisfied
50472,Female,disloyal Customer,37,Business travel,Eco,158,1,2,1,3,1,1,1,1,1,4,3,4,3,1,24,20,neutral or dissatisfied
102623,Female,Loyal Customer,50,Business travel,Business,3696,1,1,5,1,2,4,4,5,5,5,5,4,5,5,9,0,satisfied
31533,Female,Loyal Customer,21,Personal Travel,Eco,846,1,4,1,3,3,1,3,3,5,4,5,4,5,3,9,17,neutral or dissatisfied
42287,Female,Loyal Customer,53,Business travel,Eco,329,1,0,0,3,1,3,3,4,4,1,4,4,4,1,0,0,neutral or dissatisfied
70467,Male,Loyal Customer,45,Business travel,Business,2580,3,3,3,3,3,4,4,5,5,5,5,3,5,4,0,11,satisfied
20461,Female,disloyal Customer,42,Business travel,Eco,84,3,5,3,1,5,3,5,5,5,5,3,5,4,5,0,34,neutral or dissatisfied
113346,Male,Loyal Customer,59,Business travel,Business,3358,3,3,3,3,3,5,4,4,4,4,4,4,4,3,0,0,satisfied
115566,Female,Loyal Customer,54,Business travel,Eco,308,2,1,4,4,5,3,3,2,2,2,2,4,2,1,83,95,neutral or dissatisfied
119896,Female,Loyal Customer,46,Business travel,Business,912,1,1,1,1,2,4,4,4,4,4,4,5,4,4,5,0,satisfied
88853,Female,Loyal Customer,52,Personal Travel,Eco Plus,406,3,4,3,1,2,5,4,2,2,3,2,3,2,4,0,0,neutral or dissatisfied
24895,Female,Loyal Customer,38,Personal Travel,Eco,397,2,5,2,2,5,2,5,5,5,4,4,5,5,5,0,0,neutral or dissatisfied
31122,Male,Loyal Customer,35,Business travel,Business,2409,3,3,3,3,1,4,3,4,4,4,4,3,4,3,0,0,satisfied
91231,Female,Loyal Customer,41,Personal Travel,Eco,545,2,2,2,3,4,2,4,4,1,3,4,1,4,4,0,0,neutral or dissatisfied